flightNumber,airline,arrivalDate,arrivalTime,passengers
SU6004,UTair,2024-02-25,23:10,102
SU2578,Red Wings,2024-03-15,21:08,163
SU6263,Nordavia,2024-01-05,14:18,123
SU9458,Aeroflot,2024-10-27,02:15,253
SU992,Yakutia,2024-06-25,06:16,224
SU7074,Azimuth,2024-09-06,17:49,287
SU9245,Ural Airlines,2024-04-27,06:38,259
SU2593,Ural Airlines,2024-01-20,14:27,304
SU3071,Pobeda,2024-03-14,05:15,122
SU4435,Pobeda,2024-04-10,11:04,242
SU662,Yakutia,2024-07-25,20:53,154
SU9583,UTair,2024-01-27,15:48,241
SU5509,Nordavia,2024-03-07,15:44,74
SU7753,Red Wings,2024-07-10,15:18,75
SU4837,Ural Airlines,2024-09-20,09:38,335
SU4837,Azimuth,2024-01-13,15:32,155
SU497,Rossiya,2024-05-13,15:59,81
SU1262,Ural Airlines,2024-11-01,11:25,177
SU2812,Azimuth,2024-06-03,14:11,57
SU6232,Rossiya,2024-07-22,21:58,140
SU1970,Red Wings,2024-04-04,17:41,83
SU4536,Yakutia,2024-02-20,17:57,240
SU6510,S7 Airlines,2024-06-18,23:30,175
SU3391,S7 Airlines,2024-11-02,21:55,276
SU1313,UTair,2024-07-19,19:24,295
SU4251,Yakutia,2024-12-11,18:32,234
SU9855,UTair,2024-03-12,10:33,250
SU4216,Red Wings,2024-02-09,06:07,59
SU7038,Aeroflot,2024-03-21,22:48,331
SU5045,S7 Airlines,2024-06-14,03:52,212
SU6975,Rossiya,2024-04-19,20:42,348
SU4173,Nordavia,2024-01-18,13:55,131
SU4725,UTair,2024-04-28,03:36,146
SU6433,Yakutia,2024-10-05,10:15,217
SU7635,Nordavia,2024-07-22,01:58,273
SU9140,Aeroflot,2024-01-20,01:44,180
SU1376,Rossiya,2024-06-18,09:05,64
SU4006,Red Wings,2024-09-04,18:44,346
SU6982,Ural Airlines,2024-09-11,13:24,209
SU8046,Azimuth,2024-07-26,07:16,293
SU7207,Pobeda,2024-03-02,06:50,350
SU8116,Azimuth,2024-06-09,08:18,209
SU207,Ural Airlines,2024-09-20,16:43,166
SU1283,Azimuth,2024-02-15,15:05,303
SU9537,Pobeda,2024-05-01,08:12,246
SU9892,Red Wings,2024-04-13,08:02,86
SU1841,Yakutia,2024-05-16,15:22,336
SU4976,Aeroflot,2024-06-15,16:01,345
SU487,UTair,2024-02-26,23:26,75
SU6700,S7 Airlines,2024-02-13,22:37,273
SU3621,Red Wings,2024-09-23,01:57,306
SU8755,Azimuth,2024-04-18,23:05,63
SU9008,UTair,2024-08-21,11:03,172
SU2399,Pobeda,2024-04-15,11:01,204
SU1478,Nordavia,2024-06-16,18:58,137
SU6228,Nordavia,2024-07-23,23:29,243
SU6805,UTair,2024-08-20,00:32,100
SU1097,Pobeda,2024-01-11,02:52,109
SU9727,UTair,2024-03-25,11:10,54
SU9196,UTair,2024-07-24,08:38,278
SU9230,UTair,2024-03-05,09:17,100
SU9711,Azimuth,2024-07-23,07:35,317
SU1610,Yakutia,2024-04-11,06:26,100
SU4897,Azimuth,2024-09-13,07:20,349
SU6459,Rossiya,2024-06-17,02:14,206
SU1240,Nordavia,2024-07-17,16:30,212
SU4167,S7 Airlines,2024-11-16,02:17,253
SU6169,S7 Airlines,2024-09-12,16:05,288
SU7432,Nordavia,2024-06-17,03:29,172
SU5520,Aeroflot,2024-05-01,16:24,222
SU8948,Nordavia,2024-06-23,13:36,77
SU1380,Ural Airlines,2024-12-24,19:41,92
SU8831,Rossiya,2024-05-23,22:00,323
SU2324,Rossiya,2024-03-12,04:10,136
SU1765,Pobeda,2024-10-16,12:03,66
SU3920,Rossiya,2024-07-09,10:05,198
SU7957,Pobeda,2024-05-26,22:44,174
SU7462,Pobeda,2024-03-17,01:22,235
SU1015,Pobeda,2024-05-22,03:14,315
SU2340,Nordavia,2024-01-14,15:07,81
SU8639,Rossiya,2024-11-24,14:49,165
SU2575,Ural Airlines,2024-07-03,00:46,221
SU2648,Azimuth,2024-10-03,03:25,167
SU5610,S7 Airlines,2024-05-13,03:47,283
SU1233,UTair,2024-12-08,22:40,65
SU1894,Ural Airlines,2024-11-16,12:20,205
SU7499,S7 Airlines,2024-09-22,23:34,235
SU7427,Azimuth,2024-03-10,20:13,315
SU6088,Ural Airlines,2024-04-03,15:20,53
SU9670,Azimuth,2024-07-25,10:29,285
SU6988,Ural Airlines,2024-03-23,13:59,273
SU5580,UTair,2024-01-26,15:18,103
SU8064,Nordavia,2024-03-06,23:05,189
SU802,Azimuth,2024-03-25,10:31,184
SU2058,Red Wings,2024-08-14,23:37,176
SU9927,Ural Airlines,2024-07-10,03:46,150
SU7080,UTair,2024-04-17,15:43,300
SU1153,Yakutia,2024-07-04,16:28,180
SU4129,Rossiya,2024-08-17,09:52,261
SU4420,Azimuth,2024-12-14,00:06,107
SU8128,Ural Airlines,2024-03-11,16:51,262
SU8022,Nordavia,2024-09-11,11:49,119
SU7827,Aeroflot,2024-10-16,10:05,225
SU7806,S7 Airlines,2024-05-23,11:26,149
SU312,Pobeda,2024-05-11,23:11,309
SU2774,Ural Airlines,2024-08-08,05:23,200
SU3762,S7 Airlines,2024-05-06,19:41,303
SU1087,Azimuth,2024-06-20,15:08,195
SU9592,Ural Airlines,2024-04-05,09:29,135
SU2071,Azimuth,2024-07-17,19:37,223
SU420,Yakutia,2024-01-11,03:14,342
SU6888,Red Wings,2024-03-22,20:45,294
SU7205,Nordavia,2024-09-21,06:28,290
SU863,Azimuth,2024-01-26,00:10,114
SU5227,Rossiya,2024-06-04,23:56,294
SU4716,Pobeda,2024-06-23,20:02,276
SU2246,Aeroflot,2024-06-01,16:24,63
SU3442,Yakutia,2024-05-10,14:38,143
SU2394,Yakutia,2024-08-01,06:13,196
SU1049,Rossiya,2024-02-20,06:44,344
SU1901,Ural Airlines,2024-05-12,07:58,104
SU8709,Red Wings,2024-10-27,10:52,97
SU1022,Ural Airlines,2024-05-10,10:42,245
SU6509,Nordavia,2024-05-07,13:01,164
SU1184,Ural Airlines,2024-03-10,09:29,150
SU724,UTair,2024-01-21,07:25,227
SU7900,Yakutia,2024-01-23,08:46,209
SU6391,Yakutia,2024-07-08,07:47,127
SU3697,Rossiya,2024-06-22,01:39,266
SU3932,UTair,2024-11-10,01:22,79
SU2199,Azimuth,2024-04-04,05:02,182
SU2263,Azimuth,2024-04-04,13:05,296
SU8171,Yakutia,2024-07-11,22:13,211
SU2113,UTair,2024-01-26,19:03,77
SU672,Rossiya,2024-04-02,20:39,76
SU3622,Red Wings,2024-01-14,05:16,269
SU9031,S7 Airlines,2024-05-02,19:52,310
SU7527,UTair,2024-11-18,20:57,186
SU7991,UTair,2024-05-09,09:16,144
SU804,Yakutia,2024-11-01,01:14,102
SU8798,Pobeda,2024-08-12,09:33,267
SU2934,Aeroflot,2024-06-22,12:19,135
SU3036,Ural Airlines,2024-07-12,20:47,183
SU6493,Azimuth,2024-09-19,06:41,200
SU8004,UTair,2024-12-06,15:51,203
SU4682,Azimuth,2024-05-24,06:02,99
SU6928,Red Wings,2024-12-22,10:18,124
SU8530,Red Wings,2024-03-02,11:18,82
SU6354,Rossiya,2024-10-05,04:36,87
SU927,Rossiya,2024-04-12,23:45,322
SU8967,Rossiya,2024-06-26,11:43,207
SU4886,Pobeda,2024-12-16,14:57,111
SU4401,Azimuth,2024-08-05,13:06,121
SU1772,Yakutia,2024-01-15,23:20,342
SU3181,Nordavia,2024-04-08,13:06,149
SU9330,Aeroflot,2024-03-06,09:14,129
SU129,Nordavia,2024-08-16,14:10,147
SU6838,S7 Airlines,2024-07-03,09:09,230
SU2789,Aeroflot,2024-10-28,16:01,163
SU9555,Rossiya,2024-11-08,10:59,259
SU9694,S7 Airlines,2024-02-07,08:10,68
SU2499,Yakutia,2024-10-05,15:01,99
SU2209,Rossiya,2024-05-15,09:41,288
SU9816,Ural Airlines,2024-04-23,21:15,54
SU2204,Pobeda,2024-10-23,10:21,269
SU6106,S7 Airlines,2024-05-22,21:18,252
SU9633,Nordavia,2024-06-13,22:23,291
SU487,Aeroflot,2024-01-10,05:22,261
SU302,Pobeda,2024-04-27,14:34,218
SU2343,Pobeda,2024-09-18,10:23,124
SU2135,Aeroflot,2024-09-20,02:18,143
SU6946,Azimuth,2024-01-09,03:13,193
SU3456,Rossiya,2024-10-07,20:20,340
SU7901,Red Wings,2024-09-16,11:24,106
SU4809,Azimuth,2024-01-24,01:54,259
SU288,Azimuth,2024-02-25,23:58,79
SU3462,Red Wings,2024-01-26,10:56,282
SU9252,Yakutia,2024-09-05,06:11,57
SU7545,Red Wings,2024-10-06,22:03,290
SU8258,UTair,2024-06-09,00:55,316
SU3533,Rossiya,2024-02-11,22:17,114
SU2729,Nordavia,2024-11-23,14:07,239
SU9882,Yakutia,2024-10-04,04:05,188
SU4034,Rossiya,2024-10-14,07:26,63
SU7823,UTair,2024-04-24,11:05,339
SU2360,Azimuth,2024-06-23,13:03,95
SU4734,S7 Airlines,2024-04-03,00:48,174
SU4994,Azimuth,2024-07-09,00:39,197
SU1882,UTair,2024-03-24,16:58,88
SU3014,Yakutia,2024-01-21,23:00,216
SU1467,Nordavia,2024-11-10,19:28,192
SU5051,Rossiya,2024-12-15,11:02,97
SU2619,Aeroflot,2024-09-21,02:49,218
SU3041,Red Wings,2024-01-14,03:59,79
SU6781,Yakutia,2024-11-03,11:37,84
SU1123,Pobeda,2024-11-26,17:02,142
SU7069,Aeroflot,2024-03-14,12:54,345
SU4639,Yakutia,2024-02-21,13:38,251
SU9004,UTair,2024-01-20,13:02,306
SU2037,S7 Airlines,2024-09-09,05:56,239
SU3106,Ural Airlines,2024-03-09,03:39,342
SU9065,Aeroflot,2024-01-25,11:42,269
SU6003,Pobeda,2024-01-21,20:22,87
SU3862,Aeroflot,2024-12-26,08:16,52
SU8802,Red Wings,2024-03-18,03:43,69
SU529,Red Wings,2024-08-07,19:20,175
SU3003,Nordavia,2024-06-15,02:18,214
SU8634,Ural Airlines,2024-08-09,18:21,151
SU1600,Pobeda,2024-02-23,16:04,76
SU3071,Pobeda,2024-01-10,01:43,289
SU1719,Pobeda,2024-05-27,18:55,80
SU3208,Pobeda,2024-03-21,08:29,276
SU3536,Nordavia,2024-08-22,18:21,344
SU3103,S7 Airlines,2024-02-04,20:00,111
SU9442,S7 Airlines,2024-01-10,15:36,56
SU1066,Azimuth,2024-10-18,05:45,205
SU6877,Rossiya,2024-09-16,11:35,137
SU5881,Yakutia,2024-06-19,00:37,68
SU3468,Azimuth,2024-07-12,00:15,181
SU9249,Pobeda,2024-01-06,02:32,96
SU518,S7 Airlines,2024-12-18,20:46,322
SU6541,Pobeda,2024-05-20,21:59,306
SU9141,Nordavia,2024-05-15,04:17,125
SU7898,Nordavia,2024-03-02,08:15,115
SU386,Rossiya,2024-02-05,02:05,256
SU2287,Nordavia,2024-01-22,21:47,346
SU7292,Aeroflot,2024-10-08,15:24,338
SU1276,Nordavia,2024-03-04,12:06,346
SU7598,Red Wings,2024-07-21,19:19,212
SU5910,UTair,2024-06-25,17:57,323
SU9073,Yakutia,2024-02-05,22:19,274
SU3165,Azimuth,2024-09-19,21:12,113
SU3683,Yakutia,2024-03-07,15:29,329
SU8173,Nordavia,2024-08-15,18:53,81
SU9636,Azimuth,2024-02-05,12:48,176
SU3655,Nordavia,2024-08-27,06:35,258
SU2075,UTair,2024-04-05,08:29,241
SU5515,Azimuth,2024-12-13,10:52,149
SU8690,S7 Airlines,2024-05-24,05:56,188
SU1453,Ural Airlines,2024-06-09,06:44,316
SU3805,Azimuth,2024-02-19,23:37,255
SU2869,Red Wings,2024-06-16,19:41,292
SU8075,UTair,2024-12-26,14:02,253
SU1931,Nordavia,2024-08-28,01:07,292
SU6160,UTair,2024-06-15,00:19,212
SU6424,Azimuth,2024-12-15,15:15,275
SU9039,Aeroflot,2024-05-26,07:26,189
SU7336,Red Wings,2024-06-14,01:07,274
SU4529,Rossiya,2024-12-13,18:46,265
SU158,S7 Airlines,2024-07-15,23:45,202
SU8839,Red Wings,2024-04-08,00:19,347
SU3300,Aeroflot,2024-09-23,18:01,329
SU3602,Red Wings,2024-07-17,13:42,68
SU9259,Yakutia,2024-04-07,18:57,154
SU7107,Rossiya,2024-11-18,22:37,274
SU2070,Aeroflot,2024-11-05,20:36,287
SU2472,Aeroflot,2024-03-04,04:15,259
SU9107,Pobeda,2024-12-11,21:25,249
SU7592,Pobeda,2024-07-22,05:39,322
SU1275,Aeroflot,2024-07-21,18:03,329
SU4267,Red Wings,2024-08-09,11:26,287
SU7067,Pobeda,2024-05-26,09:39,135
SU3287,Nordavia,2024-06-16,19:47,161
SU5957,UTair,2024-09-07,01:16,350
SU4582,Azimuth,2024-09-16,12:32,287
SU5332,Azimuth,2024-04-09,11:45,231
SU3803,S7 Airlines,2024-09-14,07:18,348
SU5449,UTair,2024-01-19,02:13,175
SU7814,UTair,2024-05-22,06:03,54
SU3359,Yakutia,2024-06-02,18:27,273
SU4638,Yakutia,2024-05-13,01:53,273
SU2607,Red Wings,2024-08-12,23:39,148
SU3732,Azimuth,2024-06-15,11:58,235
SU4823,Pobeda,2024-07-14,13:33,170
SU8188,Rossiya,2024-03-03,08:58,205
SU6955,Rossiya,2024-06-08,21:10,87
SU7160,UTair,2024-01-06,01:37,347
SU4104,Red Wings,2024-09-28,10:57,234
SU1039,UTair,2024-10-17,17:45,292
SU326,UTair,2024-11-11,03:50,158
SU322,Ural Airlines,2024-02-04,14:18,299
SU9618,S7 Airlines,2024-03-03,09:19,72
SU5354,S7 Airlines,2024-04-10,06:30,119
SU9633,Red Wings,2024-12-18,01:11,106
SU910,Nordavia,2024-06-07,11:12,230
SU7475,Ural Airlines,2024-12-15,01:31,69
SU2877,Red Wings,2024-02-11,05:05,277
SU2330,Nordavia,2024-02-14,09:48,226
SU4596,Aeroflot,2024-08-09,03:33,347
SU3341,Pobeda,2024-02-12,12:40,127
SU6224,Nordavia,2024-02-01,13:03,246
SU3320,Yakutia,2024-02-02,20:38,317
SU5296,Red Wings,2024-09-19,22:27,68
SU5125,Azimuth,2024-05-28,16:57,322
SU2227,Azimuth,2024-09-17,09:34,129
SU5513,Yakutia,2024-01-24,11:00,328
SU7735,UTair,2024-04-11,14:14,112
SU6339,Ural Airlines,2024-03-14,06:17,349
SU7882,S7 Airlines,2024-06-28,09:24,327
SU7560,Rossiya,2024-05-11,20:25,173
SU3308,Pobeda,2024-07-26,20:34,258
SU6065,S7 Airlines,2024-03-15,04:05,62
SU4416,S7 Airlines,2024-02-01,06:57,250
SU969,Red Wings,2024-02-26,03:06,83
SU3887,Red Wings,2024-08-26,01:18,193
SU4391,S7 Airlines,2024-12-09,13:11,170
SU8986,UTair,2024-06-14,11:14,203
SU259,Azimuth,2024-09-10,05:20,300
SU5390,Red Wings,2024-12-05,22:44,88
SU872,Rossiya,2024-01-14,05:13,59
SU5931,Azimuth,2024-06-28,07:20,206
SU9229,UTair,2024-08-07,12:03,208
SU9731,Ural Airlines,2024-03-07,19:12,312
SU9355,UTair,2024-02-19,16:48,146
SU1818,S7 Airlines,2024-03-04,22:46,120
SU964,Rossiya,2024-05-17,17:43,296
SU1871,Ural Airlines,2024-12-17,02:08,230
SU4543,Aeroflot,2024-08-04,01:08,189
SU1093,Rossiya,2024-02-12,13:50,131
SU5419,Rossiya,2024-04-18,07:15,151
SU2416,S7 Airlines,2024-07-19,18:27,71
SU9992,S7 Airlines,2024-01-21,05:02,130
SU3867,Aeroflot,2024-06-04,11:28,222
SU5092,Yakutia,2024-11-17,23:03,193
SU1648,Aeroflot,2024-11-09,15:27,88
SU7930,Nordavia,2024-10-11,07:52,193
SU8143,Ural Airlines,2024-06-19,01:49,233
SU429,UTair,2024-09-03,15:11,69
SU3431,Red Wings,2024-06-04,17:20,143
SU6712,Aeroflot,2024-02-12,16:13,256
SU5778,Ural Airlines,2024-04-03,23:37,247
SU7671,Azimuth,2024-09-02,15:27,93
SU8251,Ural Airlines,2024-02-02,17:27,225
SU2775,Aeroflot,2024-05-09,20:21,190
SU1188,Rossiya,2024-05-05,23:58,108
SU7247,Nordavia,2024-01-03,05:45,267
SU3442,Rossiya,2024-07-18,16:39,268
SU5745,UTair,2024-02-01,14:26,313
SU3448,Ural Airlines,2024-03-26,08:11,140
SU8117,Nordavia,2024-08-14,01:03,179
SU9453,Aeroflot,2024-05-10,14:02,98
SU6769,Yakutia,2024-11-06,05:26,196
SU3685,Aeroflot,2024-03-22,05:26,229
SU2016,Yakutia,2024-02-19,06:21,59
SU9007,S7 Airlines,2024-12-10,01:07,130
SU6030,UTair,2024-12-02,05:15,342
SU1281,Azimuth,2024-08-21,19:18,254
SU2668,UTair,2024-11-15,04:35,271
SU4133,Aeroflot,2024-05-09,11:28,51
SU3730,UTair,2024-12-20,18:34,200
SU8039,Aeroflot,2024-04-14,17:01,87
SU411,Ural Airlines,2024-04-18,07:27,272
SU1831,Nordavia,2024-04-24,10:04,134
SU2308,Nordavia,2024-07-08,08:28,343
SU2621,Nordavia,2024-08-11,15:34,155
SU8575,Rossiya,2024-08-17,20:25,259
SU6720,Red Wings,2024-11-01,11:11,275
SU1183,Yakutia,2024-05-25,12:59,297
SU8955,Ural Airlines,2024-03-21,17:38,256
SU7540,S7 Airlines,2024-04-21,21:10,80
SU8766,Rossiya,2024-01-03,14:37,176
SU5091,Red Wings,2024-02-16,18:32,310
SU685,Nordavia,2024-03-22,01:07,256
SU7548,Rossiya,2024-09-14,01:01,137
SU5642,Yakutia,2024-07-24,07:02,311
SU2550,Aeroflot,2024-12-22,18:30,244
SU5906,UTair,2024-01-21,03:38,105
SU7623,Red Wings,2024-05-03,18:54,189
SU488,Aeroflot,2024-05-13,11:36,250
SU9671,UTair,2024-10-14,17:18,283
SU615,Yakutia,2024-01-02,02:39,240
SU4074,S7 Airlines,2024-05-12,11:47,59
SU1607,Aeroflot,2024-09-08,05:09,262
SU2778,UTair,2024-02-16,01:25,341
SU7899,Red Wings,2024-05-01,00:05,298
SU492,S7 Airlines,2024-04-12,10:49,191
SU7162,Red Wings,2024-03-18,11:56,181
SU9901,S7 Airlines,2024-08-22,05:11,179
SU3779,Nordavia,2024-01-03,05:53,204
SU584,Ural Airlines,2024-02-22,20:50,275
SU8819,Red Wings,2024-07-03,21:42,241
SU6883,UTair,2024-04-02,09:46,119
SU8214,Yakutia,2024-12-14,17:25,213
SU9047,Pobeda,2024-06-19,03:14,248
SU3522,Red Wings,2024-10-01,13:24,178
SU2289,Pobeda,2024-12-15,21:29,262
SU6090,Ural Airlines,2024-07-26,16:36,308
SU6591,Aeroflot,2024-08-20,11:33,77
SU6802,Yakutia,2024-03-04,09:11,198
SU7549,S7 Airlines,2024-01-13,00:35,166
SU7524,Rossiya,2024-03-21,17:36,84
SU4213,Aeroflot,2024-11-27,20:58,73
SU6262,UTair,2024-05-01,08:29,243
SU9764,Azimuth,2024-09-15,01:01,97
SU9931,Azimuth,2024-06-14,03:49,194
SU2336,Aeroflot,2024-03-13,12:14,94
SU5851,Nordavia,2024-06-25,07:43,315
SU6358,Nordavia,2024-07-11,12:33,161
SU9849,Ural Airlines,2024-08-24,06:58,62
SU2423,Red Wings,2024-12-05,03:09,50
SU3931,Pobeda,2024-06-21,01:38,127
SU1017,Aeroflot,2024-08-19,08:08,122
SU2510,Yakutia,2024-11-21,09:46,74
SU7150,Rossiya,2024-05-05,01:12,108
SU4379,UTair,2024-09-07,07:04,333
SU8191,Aeroflot,2024-06-20,14:59,197
SU2081,Pobeda,2024-09-13,23:37,102
SU7804,Rossiya,2024-07-22,22:31,179
SU8088,S7 Airlines,2024-07-20,15:47,220
SU212,UTair,2024-02-02,15:01,135
SU325,Yakutia,2024-02-24,13:25,349
SU169,Pobeda,2024-03-24,01:24,174
SU5654,Red Wings,2024-09-28,05:20,84
SU4309,Pobeda,2024-11-05,14:20,157
SU9362,Yakutia,2024-06-24,12:45,200
SU7596,Pobeda,2024-03-19,12:54,85
SU4637,UTair,2024-01-18,15:13,155
SU5553,Ural Airlines,2024-02-13,10:03,155
SU9064,UTair,2024-11-11,06:28,150
SU5628,Nordavia,2024-10-28,13:30,245
SU5719,Yakutia,2024-03-12,02:58,104
SU6249,S7 Airlines,2024-01-11,18:45,101
SU3701,Azimuth,2024-05-11,20:10,200
SU5948,UTair,2024-11-17,15:09,317
SU5033,Pobeda,2024-04-18,12:58,60
SU7759,Azimuth,2024-08-05,23:50,182
SU897,S7 Airlines,2024-03-15,13:47,170
SU2621,Aeroflot,2024-09-11,20:33,190
SU8848,Yakutia,2024-12-23,20:34,128
SU8808,Rossiya,2024-06-12,09:32,85
SU8476,Red Wings,2024-12-25,00:56,193
SU2830,Rossiya,2024-03-21,19:55,149
SU7741,Ural Airlines,2024-01-09,00:12,334
SU1009,Azimuth,2024-08-01,11:31,183
SU7132,Yakutia,2024-12-08,01:43,62
SU7991,Azimuth,2024-12-21,18:17,319
SU3287,Red Wings,2024-08-13,23:54,209
SU2559,S7 Airlines,2024-11-23,19:56,311
SU9254,Rossiya,2024-02-11,05:47,91
SU1422,Yakutia,2024-08-03,23:15,228
SU3142,UTair,2024-08-14,10:25,264
SU3099,Red Wings,2024-01-17,22:44,241
SU3175,S7 Airlines,2024-12-12,10:50,273
SU4370,Rossiya,2024-12-04,13:40,166
SU9683,Ural Airlines,2024-06-02,11:29,172
SU8784,Aeroflot,2024-04-02,03:02,264
SU8448,Yakutia,2024-11-06,07:04,142
SU3773,Yakutia,2024-01-28,14:36,195
SU3301,UTair,2024-03-02,04:10,199
SU4570,Azimuth,2024-04-17,12:40,328
SU7914,Aeroflot,2024-02-27,20:52,314
SU4062,Rossiya,2024-04-07,18:49,251
SU6458,Nordavia,2024-04-02,10:13,221
SU9138,Red Wings,2024-01-16,18:38,217
SU9845,Rossiya,2024-10-19,00:54,260
SU4471,Ural Airlines,2024-07-20,02:09,148
SU5975,UTair,2024-12-18,04:34,115
SU3627,Aeroflot,2024-10-25,09:14,70
SU7521,Azimuth,2024-05-21,20:17,275
SU4341,Ural Airlines,2024-09-11,00:08,309
SU6126,Azimuth,2024-08-19,15:27,343
SU499,Ural Airlines,2024-06-03,16:39,319
SU9630,Yakutia,2024-01-22,22:33,337
SU6915,UTair,2024-07-07,20:16,98
SU9961,Azimuth,2024-07-26,15:44,215
SU5959,Rossiya,2024-03-28,03:12,183
SU4750,UTair,2024-12-07,08:34,169
SU554,Aeroflot,2024-12-09,01:56,184
SU3652,Ural Airlines,2024-04-24,05:00,102
SU4066,Nordavia,2024-12-28,16:08,251
SU3448,Rossiya,2024-04-06,23:15,68
SU9575,S7 Airlines,2024-05-27,02:39,151
SU9063,S7 Airlines,2024-05-05,12:52,181
SU1398,Ural Airlines,2024-08-19,13:45,157
SU8466,Pobeda,2024-04-02,02:05,138
SU966,Azimuth,2024-10-16,02:26,334
SU9497,Azimuth,2024-03-05,14:09,304
SU9150,Aeroflot,2024-12-22,19:45,236
SU4732,Nordavia,2024-05-26,18:12,120
SU2998,Aeroflot,2024-03-25,02:06,265
SU5431,Aeroflot,2024-05-08,23:35,153
SU5183,Ural Airlines,2024-12-06,20:24,173
SU6645,Rossiya,2024-04-14,22:36,179
SU5296,Yakutia,2024-04-23,05:54,236
SU5903,Azimuth,2024-08-20,10:46,111
SU4554,Rossiya,2024-12-14,07:45,115
SU1844,Rossiya,2024-05-08,23:34,252
SU6190,UTair,2024-02-04,00:07,50
SU420,UTair,2024-08-25,10:22,212
SU5133,Ural Airlines,2024-10-02,12:23,295
SU5453,UTair,2024-08-28,10:50,163
SU1926,S7 Airlines,2024-11-17,09:33,340
SU3227,Rossiya,2024-04-21,17:17,98
SU5020,Red Wings,2024-08-16,07:54,118
SU7876,Nordavia,2024-04-03,10:53,192
SU3230,UTair,2024-05-17,03:39,339
SU6678,UTair,2024-11-08,15:47,284
SU199,S7 Airlines,2024-02-13,16:09,305
SU1359,Nordavia,2024-07-19,02:22,258
SU9602,Nordavia,2024-07-02,02:42,311
SU5837,Nordavia,2024-04-27,23:09,101
SU3281,UTair,2024-12-15,22:02,112
SU9832,Rossiya,2024-07-11,04:15,318
SU4603,Yakutia,2024-06-03,21:10,268
SU3728,Rossiya,2024-08-16,12:42,148
SU3790,Azimuth,2024-02-01,18:40,175
SU1895,Nordavia,2024-10-26,20:55,210
SU7420,Aeroflot,2024-05-18,03:59,84
SU221,Pobeda,2024-12-15,12:15,336
SU2268,Rossiya,2024-05-19,07:44,341
SU6970,Rossiya,2024-12-22,10:41,51
SU3226,Azimuth,2024-02-26,06:13,144
SU5615,Nordavia,2024-03-03,22:03,105
SU7842,UTair,2024-04-11,01:03,209
SU1626,Nordavia,2024-11-24,03:21,121
SU636,Yakutia,2024-12-07,05:51,154
SU6472,Yakutia,2024-02-09,18:47,162
SU2259,Aeroflot,2024-06-23,21:44,167
SU3435,Ural Airlines,2024-06-12,07:04,166
SU5643,Red Wings,2024-01-19,00:06,58
SU8306,UTair,2024-12-28,03:38,161
SU4865,S7 Airlines,2024-09-26,03:20,91
SU8206,UTair,2024-10-20,22:18,123
SU5637,UTair,2024-04-22,23:26,156
SU9848,Aeroflot,2024-04-15,20:40,327
SU9065,UTair,2024-11-17,12:31,179
SU9825,Nordavia,2024-03-17,00:52,214
SU995,Red Wings,2024-10-16,16:26,170
SU5307,Ural Airlines,2024-08-05,09:07,95
SU6127,Nordavia,2024-04-17,14:18,138
SU3060,Red Wings,2024-01-21,03:20,188
SU8177,UTair,2024-09-04,11:14,334
SU507,Yakutia,2024-08-25,18:12,341
SU3816,Nordavia,2024-01-28,11:59,167
SU7828,S7 Airlines,2024-05-19,15:00,127
SU6328,Ural Airlines,2024-05-02,16:00,153
SU4466,Red Wings,2024-01-22,04:00,256
SU1131,Nordavia,2024-04-24,00:44,80
SU3243,Red Wings,2024-12-28,05:51,116
SU723,Ural Airlines,2024-11-23,07:08,62
SU8802,Pobeda,2024-11-27,06:16,147
SU8856,Aeroflot,2024-10-12,04:41,276
SU2178,Azimuth,2024-11-28,14:15,308
SU4159,Nordavia,2024-10-05,20:02,271
SU4832,Red Wings,2024-10-09,12:43,188
SU5165,Yakutia,2024-12-04,07:35,145
SU6864,Yakutia,2024-08-10,01:08,64
SU8451,Red Wings,2024-06-12,17:04,297
SU4472,Yakutia,2024-09-18,23:52,181
SU4581,Red Wings,2024-11-18,22:24,211
SU8947,UTair,2024-08-07,05:29,305
SU211,Red Wings,2024-03-01,20:14,292
SU9971,UTair,2024-05-21,17:46,298
SU3860,Yakutia,2024-10-01,19:13,114
SU3998,Azimuth,2024-07-14,13:47,124
SU2298,Red Wings,2024-04-28,17:13,239
SU1181,Ural Airlines,2024-04-01,15:02,98
SU1044,Pobeda,2024-03-13,12:53,300
SU1154,Azimuth,2024-11-04,15:10,131
SU6755,Ural Airlines,2024-09-25,06:53,262
SU4799,Pobeda,2024-12-21,16:42,324
SU1468,Yakutia,2024-12-25,16:22,215
SU9986,Aeroflot,2024-06-21,14:57,252
SU6659,S7 Airlines,2024-08-07,16:45,126
SU9049,Rossiya,2024-04-02,08:45,151
SU3762,Nordavia,2024-08-01,17:51,65
SU9779,Ural Airlines,2024-02-04,17:49,282
SU7546,Aeroflot,2024-12-21,20:03,83
SU5905,Pobeda,2024-06-26,16:29,349
SU6804,S7 Airlines,2024-07-25,22:56,155
SU4981,Nordavia,2024-12-16,14:31,165
SU5867,S7 Airlines,2024-06-13,01:32,197
SU314,Ural Airlines,2024-03-15,07:05,276
SU4459,Red Wings,2024-03-23,23:17,75
SU9114,Nordavia,2024-06-21,00:29,293
SU7609,Rossiya,2024-11-05,01:06,184
SU7951,Azimuth,2024-08-20,02:07,341
SU8094,S7 Airlines,2024-08-24,05:35,282
SU7317,Azimuth,2024-06-09,09:34,201
SU3406,Red Wings,2024-03-21,00:26,126
SU620,Yakutia,2024-03-01,12:25,343
SU5457,Ural Airlines,2024-12-24,12:37,348
SU5340,Yakutia,2024-10-27,09:02,238
SU1805,S7 Airlines,2024-03-02,14:48,333
SU3388,Pobeda,2024-08-14,14:49,239
SU6908,Aeroflot,2024-03-07,14:37,83
SU9798,Nordavia,2024-05-22,01:35,270
SU2454,Pobeda,2024-02-18,11:08,184
SU619,Rossiya,2024-06-13,07:35,341
SU6378,Red Wings,2024-09-19,20:08,211
SU1057,S7 Airlines,2024-10-06,03:39,244
SU538,UTair,2024-09-04,08:31,134
SU1421,Ural Airlines,2024-01-06,23:49,148
SU3447,Nordavia,2024-04-23,05:38,187
SU3957,S7 Airlines,2024-08-22,01:04,304
SU7314,Nordavia,2024-05-09,16:37,120
SU4458,S7 Airlines,2024-04-03,01:35,261
SU7448,Pobeda,2024-10-06,18:28,235
SU873,Red Wings,2024-01-17,18:23,164
SU2610,Aeroflot,2024-10-21,13:30,278
SU8498,S7 Airlines,2024-02-02,11:41,223
SU1252,S7 Airlines,2024-03-20,06:49,303
SU347,Aeroflot,2024-07-18,09:26,284
SU8857,Nordavia,2024-01-26,16:03,215
SU7525,Yakutia,2024-06-04,19:41,60
SU1471,Pobeda,2024-10-04,22:28,326
SU6276,Yakutia,2024-02-17,14:26,222
SU4663,UTair,2024-11-01,02:18,228
SU9724,Red Wings,2024-12-23,00:46,216
SU7573,Rossiya,2024-08-20,10:06,323
SU5702,Ural Airlines,2024-12-13,12:25,227
SU4172,Ural Airlines,2024-05-19,04:11,344
SU202,Aeroflot,2024-08-27,10:32,104
SU5481,Rossiya,2024-10-11,03:44,280
SU4071,UTair,2024-06-09,09:12,77
SU8782,Red Wings,2024-04-04,07:35,341
SU2399,S7 Airlines,2024-10-17,01:44,171
SU7967,Aeroflot,2024-05-14,06:28,269
SU6662,Azimuth,2024-11-26,19:39,224
SU9182,S7 Airlines,2024-11-20,12:54,135
SU8416,Aeroflot,2024-01-04,00:42,202
SU2564,Pobeda,2024-07-27,22:15,308
SU9023,Pobeda,2024-11-03,19:23,213
SU1216,UTair,2024-03-16,08:36,82
SU399,Aeroflot,2024-05-22,11:12,241
SU446,Red Wings,2024-07-10,21:17,313
SU9273,Rossiya,2024-05-27,14:49,115
SU5550,Yakutia,2024-11-06,15:56,165
SU7427,Aeroflot,2024-01-18,12:04,142
SU9120,Rossiya,2024-02-21,05:38,287
SU9407,Aeroflot,2024-02-02,19:15,219
SU6378,Pobeda,2024-09-06,02:22,58
SU1532,Nordavia,2024-06-20,01:16,194
SU4503,Azimuth,2024-09-28,02:19,226
SU4085,S7 Airlines,2024-09-17,15:05,216
SU1508,Yakutia,2024-12-28,20:12,127
SU2238,UTair,2024-03-05,15:46,102
SU7209,UTair,2024-05-23,02:41,341
SU2191,Pobeda,2024-12-08,20:15,222
SU7113,Red Wings,2024-05-06,19:28,226
SU664,Rossiya,2024-06-11,08:11,346
SU9968,Nordavia,2024-09-09,14:05,135
SU6681,Yakutia,2024-02-27,17:59,281
SU5383,Rossiya,2024-08-19,06:43,102
SU2254,Azimuth,2024-05-04,06:39,155
SU8740,Aeroflot,2024-06-21,03:43,259
SU5843,Yakutia,2024-07-22,01:29,176
SU2127,Nordavia,2024-08-02,06:47,137
SU3741,Rossiya,2024-07-14,09:18,146
SU8787,Nordavia,2024-05-23,07:21,318
SU6591,UTair,2024-11-26,19:44,181
SU7488,Azimuth,2024-06-03,09:34,295
SU386,UTair,2024-11-07,09:25,296
SU931,Rossiya,2024-06-28,00:24,303
SU7652,Yakutia,2024-06-05,16:08,254
SU9872,Pobeda,2024-04-05,13:03,298
SU5131,S7 Airlines,2024-03-15,15:19,191
SU9120,Ural Airlines,2024-05-13,17:29,203
SU3905,Ural Airlines,2024-05-28,08:45,247
SU1258,Ural Airlines,2024-10-05,04:41,134
SU6266,Aeroflot,2024-12-15,18:29,165
SU3376,S7 Airlines,2024-05-02,12:27,53
SU994,S7 Airlines,2024-02-24,14:28,219
SU2680,Yakutia,2024-04-28,05:19,218
SU3448,Red Wings,2024-04-01,06:34,277
SU3330,Pobeda,2024-04-04,11:13,281
SU8030,S7 Airlines,2024-08-04,20:28,94
SU8178,Yakutia,2024-09-17,03:25,338
SU3197,Nordavia,2024-08-07,10:07,249
SU3004,UTair,2024-05-21,04:16,72
SU8392,Red Wings,2024-12-25,14:41,269
SU7452,Pobeda,2024-07-25,22:16,87
SU1884,UTair,2024-04-03,16:56,306
SU5852,Pobeda,2024-11-03,23:47,145
SU2369,UTair,2024-03-14,07:01,206
SU6397,Nordavia,2024-03-22,08:06,86
SU3335,Aeroflot,2024-07-10,13:14,246
SU3231,Red Wings,2024-11-03,12:39,63
SU2381,Pobeda,2024-08-11,00:49,229
SU5324,S7 Airlines,2024-02-16,10:55,108
SU2015,Ural Airlines,2024-07-26,18:28,227
SU7651,UTair,2024-11-14,03:56,250
SU1563,UTair,2024-03-22,20:52,335
SU756,Yakutia,2024-10-05,15:10,295
SU4973,Red Wings,2024-08-06,05:24,206
SU325,UTair,2024-01-18,07:02,137
SU4364,Nordavia,2024-01-26,03:59,112
SU9087,Nordavia,2024-03-05,20:39,87
SU2009,Azimuth,2024-09-28,06:08,50
SU3938,UTair,2024-04-18,05:16,116
SU5289,Aeroflot,2024-10-02,16:47,104
SU2844,Azimuth,2024-05-24,21:05,119
SU3904,Azimuth,2024-06-25,08:37,309
SU5903,Aeroflot,2024-07-05,22:21,311
SU4788,Pobeda,2024-05-22,05:44,177
SU389,Ural Airlines,2024-08-14,19:24,206
SU7946,S7 Airlines,2024-05-07,20:14,217
SU2975,Red Wings,2024-10-13,18:10,249
SU7926,S7 Airlines,2024-04-13,02:25,226
SU9351,Ural Airlines,2024-12-28,15:48,238
SU6845,Pobeda,2024-07-07,16:47,234
SU358,Nordavia,2024-02-11,03:55,342
SU2213,Red Wings,2024-05-05,10:16,133
SU1203,Red Wings,2024-10-01,15:46,232
SU7869,UTair,2024-01-25,01:08,304
SU2339,Rossiya,2024-12-03,04:34,138
SU2819,Red Wings,2024-05-14,03:46,301
SU9543,UTair,2024-11-22,01:00,264
SU1736,UTair,2024-09-02,09:56,171
SU7443,Yakutia,2024-03-24,17:32,119
SU9172,Rossiya,2024-02-26,17:12,173
SU8114,Azimuth,2024-09-06,20:33,80
SU8514,Ural Airlines,2024-08-08,14:09,117
SU7891,Aeroflot,2024-08-26,19:32,190
SU731,Nordavia,2024-10-10,05:29,309
SU4683,Aeroflot,2024-04-24,15:39,234
SU5561,Nordavia,2024-01-24,14:11,249
SU9627,Red Wings,2024-05-18,03:07,133
SU2998,UTair,2024-12-05,17:56,139
SU840,Rossiya,2024-12-04,08:59,75
SU7710,Red Wings,2024-04-20,09:28,105
SU9294,Ural Airlines,2024-09-12,08:04,126
SU8959,Rossiya,2024-07-16,18:48,176
SU9497,Rossiya,2024-02-01,01:43,259
SU6562,Aeroflot,2024-04-25,11:26,121
SU4603,Nordavia,2024-10-04,19:27,99
SU1306,Nordavia,2024-10-01,21:53,194
SU2734,UTair,2024-06-09,08:50,125
SU509,Red Wings,2024-08-17,09:26,259
SU6652,Yakutia,2024-01-13,12:22,159
SU7396,Nordavia,2024-12-08,22:02,128
SU9643,Pobeda,2024-01-19,12:09,296
SU301,Yakutia,2024-06-10,08:08,137
SU5166,Rossiya,2024-06-12,09:18,260
SU2165,Pobeda,2024-12-12,18:55,77
SU1536,Aeroflot,2024-05-06,22:34,124
SU6801,Ural Airlines,2024-05-14,02:51,79
SU9655,Nordavia,2024-01-07,20:57,82
SU1445,Pobeda,2024-06-09,13:44,52
SU2905,Azimuth,2024-01-22,14:51,295
SU4410,Ural Airlines,2024-09-26,18:07,234
SU7385,Red Wings,2024-01-26,14:07,69
SU7032,Ural Airlines,2024-03-24,07:49,340
SU6981,Aeroflot,2024-06-16,01:20,201
SU7514,Rossiya,2024-01-10,07:38,327
SU7952,S7 Airlines,2024-04-01,14:05,198
SU8227,Nordavia,2024-07-26,20:02,177
SU8219,Yakutia,2024-12-26,04:12,349
SU2307,Aeroflot,2024-12-01,16:49,201
SU2161,Azimuth,2024-11-09,19:45,96
SU8199,S7 Airlines,2024-03-02,13:06,250
SU7515,Ural Airlines,2024-01-17,16:31,244
SU150,Yakutia,2024-11-26,03:16,197
SU6873,Aeroflot,2024-05-09,04:43,216
SU9895,Yakutia,2024-05-10,13:27,74
SU8657,Azimuth,2024-10-20,19:45,335
SU8640,Nordavia,2024-08-20,14:08,183
SU9635,Red Wings,2024-03-03,06:11,253
SU2771,Red Wings,2024-03-12,15:49,133
SU756,Ural Airlines,2024-01-13,18:17,82
SU1449,Nordavia,2024-07-11,07:50,76
SU9895,Pobeda,2024-05-10,18:40,230
SU4416,Aeroflot,2024-02-08,15:31,78
SU4926,S7 Airlines,2024-07-05,14:38,74
SU8582,Pobeda,2024-05-06,17:35,224
SU2990,Yakutia,2024-08-11,10:20,278
SU2479,Rossiya,2024-10-05,13:57,307
SU612,Pobeda,2024-04-08,17:02,323
SU6790,Rossiya,2024-10-23,01:41,52
SU9831,Azimuth,2024-08-05,19:27,92
SU5800,S7 Airlines,2024-06-10,16:47,202
SU9018,Rossiya,2024-07-22,11:04,129
SU8505,Azimuth,2024-04-25,12:50,76
SU8825,Rossiya,2024-01-19,19:51,82
SU8692,Ural Airlines,2024-01-24,04:53,167
SU4768,Yakutia,2024-07-16,19:15,64
SU5437,UTair,2024-10-23,06:03,74
SU2127,Red Wings,2024-04-22,17:01,200
SU9309,Rossiya,2024-04-11,00:28,348
SU2836,Yakutia,2024-12-05,23:37,110
SU9951,Azimuth,2024-07-27,01:19,172
SU3748,Pobeda,2024-05-23,22:11,294
SU2781,UTair,2024-03-20,20:36,124
SU4794,S7 Airlines,2024-09-05,10:13,213
SU3660,Azimuth,2024-01-26,00:24,257
SU6767,Yakutia,2024-04-18,02:44,260
SU8232,Rossiya,2024-05-20,01:37,349
SU5600,S7 Airlines,2024-08-02,03:49,190
SU6433,Nordavia,2024-03-03,07:54,202
SU3757,Nordavia,2024-07-22,04:07,285
SU7878,Pobeda,2024-02-04,13:14,313
SU7350,UTair,2024-05-22,07:01,350
SU8014,Aeroflot,2024-09-18,19:16,197
SU2146,Azimuth,2024-12-20,05:34,150
SU1224,Aeroflot,2024-10-12,15:45,275
SU671,Yakutia,2024-06-08,19:47,245
SU1295,Nordavia,2024-06-18,22:54,100
SU4587,Yakutia,2024-09-20,05:52,267
SU945,Rossiya,2024-03-25,01:19,187
SU2662,Pobeda,2024-04-17,17:28,97
SU3688,S7 Airlines,2024-10-28,22:50,201
SU1667,Azimuth,2024-11-24,13:08,70
SU5389,S7 Airlines,2024-08-18,01:54,75
SU8298,Aeroflot,2024-01-26,13:38,308
SU5978,Azimuth,2024-08-18,12:32,140
SU9875,Red Wings,2024-11-09,14:40,325
SU3926,S7 Airlines,2024-03-01,08:03,63
SU7701,Pobeda,2024-04-24,11:58,100
SU8605,Ural Airlines,2024-12-15,19:50,316
SU451,Pobeda,2024-03-13,06:37,324
SU5582,Aeroflot,2024-12-07,23:44,320
SU1832,UTair,2024-06-07,23:14,193
SU1287,Pobeda,2024-07-24,01:36,106
SU9546,Rossiya,2024-12-17,09:00,325
SU2205,Nordavia,2024-11-08,04:03,61
SU5760,Yakutia,2024-03-21,06:20,292
SU9546,S7 Airlines,2024-02-20,03:41,120
SU6939,S7 Airlines,2024-09-01,01:15,319
SU2523,Aeroflot,2024-12-26,07:01,178
SU3706,Rossiya,2024-03-27,01:45,128
SU8451,Nordavia,2024-08-04,12:47,106
SU3589,Rossiya,2024-05-19,16:45,167
SU8932,Azimuth,2024-10-23,03:03,318
SU3509,S7 Airlines,2024-09-15,20:13,316
SU5034,Red Wings,2024-11-13,13:55,255
SU9126,Rossiya,2024-04-08,14:59,332
SU7806,UTair,2024-07-20,02:23,73
SU5623,Pobeda,2024-04-05,15:03,172
SU7710,Pobeda,2024-04-28,18:47,80
SU9262,Azimuth,2024-12-10,06:01,205
SU8835,Yakutia,2024-03-09,14:27,258
SU1283,Yakutia,2024-07-11,03:30,258
SU6921,Azimuth,2024-02-13,22:05,224
SU4082,UTair,2024-05-20,12:11,166
SU5979,Ural Airlines,2024-05-02,06:46,157
SU6624,Rossiya,2024-11-12,17:02,307
SU6863,Aeroflot,2024-10-01,18:38,92
SU9000,Yakutia,2024-09-09,20:55,195
SU2104,Pobeda,2024-04-11,15:00,223
SU6479,Rossiya,2024-01-06,19:37,53
SU8079,Rossiya,2024-11-10,07:37,333
SU880,Red Wings,2024-07-26,13:04,148
SU6294,Nordavia,2024-02-22,16:26,73
SU3090,Yakutia,2024-11-21,18:28,280
SU620,Ural Airlines,2024-09-28,08:44,310
SU8840,Azimuth,2024-11-03,05:07,180
SU5777,Azimuth,2024-07-12,18:54,101
SU9729,UTair,2024-02-16,12:30,306
SU8472,Rossiya,2024-05-22,09:58,98
SU4504,Azimuth,2024-04-12,19:36,184
SU398,Pobeda,2024-01-11,16:28,285
SU7238,Red Wings,2024-04-10,04:47,112
SU5344,UTair,2024-02-22,21:51,336
SU7916,Red Wings,2024-07-21,19:09,232
SU8723,Nordavia,2024-11-20,06:57,349
SU2753,Red Wings,2024-05-06,10:15,197
SU3492,Pobeda,2024-10-24,02:36,69
SU1469,Rossiya,2024-07-25,08:57,86
SU3560,Yakutia,2024-11-28,10:44,237
SU7094,Aeroflot,2024-01-05,13:51,179
SU2892,Nordavia,2024-09-28,19:45,120
SU1795,UTair,2024-06-10,12:03,236
SU5921,Yakutia,2024-11-27,12:54,263
SU4285,Azimuth,2024-10-05,06:07,174
SU9991,S7 Airlines,2024-05-23,15:01,269
SU8270,Rossiya,2024-09-03,18:19,148
SU3227,Ural Airlines,2024-05-04,23:57,113
SU2357,Pobeda,2024-01-07,07:49,150
SU4445,S7 Airlines,2024-12-11,01:03,308
SU6415,Aeroflot,2024-10-21,12:32,238
SU8015,Rossiya,2024-10-05,04:28,289
SU1322,Ural Airlines,2024-03-07,01:56,309
SU5924,S7 Airlines,2024-07-01,11:14,148
SU429,Nordavia,2024-12-03,01:08,344
SU1943,Nordavia,2024-05-24,22:51,218
SU5487,Rossiya,2024-10-07,07:50,228
SU5822,Rossiya,2024-04-15,03:33,92
SU5573,Aeroflot,2024-01-26,05:22,153
SU9278,Red Wings,2024-07-23,19:44,110
SU3823,Aeroflot,2024-03-09,09:54,210
SU8244,Rossiya,2024-09-12,07:42,135
SU7966,Azimuth,2024-06-03,23:19,216
SU4775,Aeroflot,2024-03-06,17:00,310
SU8685,Aeroflot,2024-12-15,04:21,251
SU7520,Rossiya,2024-03-27,00:07,290
SU1786,Pobeda,2024-09-01,08:32,89
SU7147,Yakutia,2024-02-16,18:28,188
SU7029,Rossiya,2024-03-14,21:46,337
SU4244,Aeroflot,2024-03-01,12:29,139
SU2153,S7 Airlines,2024-08-21,09:46,283
SU8507,Pobeda,2024-01-04,09:14,221
SU8566,Yakutia,2024-04-23,12:12,164
SU1784,Ural Airlines,2024-01-26,05:11,314
SU4485,Yakutia,2024-04-04,06:38,233
SU4990,Nordavia,2024-09-13,05:19,252
SU4604,Aeroflot,2024-10-14,20:00,104
SU7698,UTair,2024-12-14,06:48,160
SU6621,Nordavia,2024-02-12,08:36,242
SU6683,Aeroflot,2024-09-06,12:53,338
SU1251,Ural Airlines,2024-06-09,16:09,153
SU2956,Yakutia,2024-12-10,19:41,99
SU8723,Aeroflot,2024-01-15,00:08,89
SU2018,Yakutia,2024-08-08,08:30,148
SU6421,Nordavia,2024-10-14,08:03,83
SU4403,Ural Airlines,2024-02-06,23:48,146
SU8265,Rossiya,2024-11-28,07:20,146
SU7925,Yakutia,2024-01-13,21:22,184
SU9992,Nordavia,2024-07-22,11:53,302
SU669,Rossiya,2024-09-08,21:11,194
SU5356,Yakutia,2024-02-19,21:31,347
SU8154,UTair,2024-04-24,21:36,97
SU3020,Azimuth,2024-07-24,01:11,180
SU2128,Aeroflot,2024-07-03,01:15,296
SU1565,Nordavia,2024-04-12,09:08,122
SU7567,Ural Airlines,2024-02-15,21:20,325
SU2295,Ural Airlines,2024-04-05,21:33,127
SU2577,S7 Airlines,2024-11-01,15:45,176
SU7887,UTair,2024-06-10,04:38,143
SU7452,Rossiya,2024-03-07,20:05,56
SU2561,Nordavia,2024-02-03,13:39,149
SU7956,Ural Airlines,2024-11-01,04:44,58
SU5055,Red Wings,2024-07-04,15:11,144
SU1914,S7 Airlines,2024-06-20,02:11,283
SU6882,Ural Airlines,2024-05-14,17:49,320
SU9965,Aeroflot,2024-01-25,08:45,137
SU109,Pobeda,2024-01-27,02:23,308
SU3275,UTair,2024-08-11,17:17,92
SU1499,UTair,2024-09-05,05:48,333
SU6399,S7 Airlines,2024-10-13,13:02,116
SU3325,Ural Airlines,2024-11-20,23:26,303
SU8581,Rossiya,2024-04-04,20:47,314
SU4183,Rossiya,2024-05-11,08:43,117
SU186,Pobeda,2024-12-18,16:02,230
SU2679,Red Wings,2024-12-06,09:48,122
SU6064,Yakutia,2024-03-01,12:26,229
SU7322,S7 Airlines,2024-07-13,17:56,299
SU5999,Yakutia,2024-02-27,08:24,228
SU3285,Red Wings,2024-09-13,03:00,151
SU9632,Ural Airlines,2024-10-20,17:31,210
SU4427,S7 Airlines,2024-05-17,09:29,334
SU349,Red Wings,2024-10-15,02:27,316
SU9277,S7 Airlines,2024-12-23,17:45,331
SU3878,Pobeda,2024-07-11,04:15,206
SU3085,Red Wings,2024-07-02,03:01,152
SU174,Red Wings,2024-07-21,16:24,119
SU4111,S7 Airlines,2024-08-21,19:03,95
SU6649,Pobeda,2024-09-22,04:20,284
SU7167,Aeroflot,2024-04-07,11:44,204
SU9220,Azimuth,2024-03-23,01:37,87
SU9096,Aeroflot,2024-10-24,08:13,207
SU2101,Nordavia,2024-09-08,13:50,242
SU5158,Red Wings,2024-05-06,01:00,182
SU4520,Nordavia,2024-03-28,10:59,225
SU3831,Red Wings,2024-10-26,11:20,274
SU7161,Rossiya,2024-12-28,13:40,319
SU1850,UTair,2024-06-14,20:13,279
SU981,Rossiya,2024-05-06,19:36,252
SU2532,Pobeda,2024-09-19,16:41,331
SU9325,S7 Airlines,2024-06-01,13:23,308
SU3446,Ural Airlines,2024-08-21,17:55,86
SU1927,Rossiya,2024-12-11,02:17,110
SU5690,Pobeda,2024-08-04,02:39,264
SU7241,Azimuth,2024-12-28,19:59,125
SU9211,Ural Airlines,2024-09-24,17:38,121
SU8420,UTair,2024-07-17,19:36,232
SU4001,Pobeda,2024-10-28,21:26,210
SU3868,Azimuth,2024-09-17,09:24,271
SU9690,Rossiya,2024-05-12,12:07,335
SU5155,Ural Airlines,2024-10-15,19:57,274
SU5387,Yakutia,2024-08-12,14:52,283
SU5424,Rossiya,2024-11-11,14:15,156
SU8685,S7 Airlines,2024-02-24,10:10,340
SU8015,Aeroflot,2024-12-04,22:28,55
SU5369,Red Wings,2024-07-23,17:54,211
SU5307,UTair,2024-03-20,09:43,50
SU8408,Red Wings,2024-12-23,02:40,226
SU1204,S7 Airlines,2024-04-02,19:56,132
SU5841,Nordavia,2024-10-19,17:47,160
SU3197,Pobeda,2024-01-07,22:52,305
SU5130,Red Wings,2024-09-25,00:10,79
SU6504,Aeroflot,2024-05-09,13:49,88
SU862,Ural Airlines,2024-11-16,08:51,346
SU1867,Aeroflot,2024-08-05,15:28,98
SU6736,Yakutia,2024-12-05,08:49,315
SU4463,Rossiya,2024-03-04,07:29,206
SU8910,Red Wings,2024-05-09,04:57,289
SU1184,Azimuth,2024-11-25,07:50,226
SU4764,Aeroflot,2024-03-25,18:51,190
SU4826,Nordavia,2024-08-15,00:35,282
SU6571,UTair,2024-04-09,15:03,129
SU6750,S7 Airlines,2024-07-10,03:55,196
SU9632,Pobeda,2024-09-20,20:26,314
SU2257,S7 Airlines,2024-10-21,09:42,329
SU3165,Red Wings,2024-04-26,14:26,263
SU8931,Azimuth,2024-12-09,09:08,173
SU7674,Azimuth,2024-09-02,08:19,325
SU2479,Red Wings,2024-04-10,01:14,339
SU1295,Aeroflot,2024-03-26,02:11,195
SU5504,Yakutia,2024-06-27,21:44,303
SU7571,Yakutia,2024-02-07,11:58,310
